,news
0,American Airlines names flight from Kansas City to Las Vegas in nod to Taylor Swift after Chiefs win
1,American Airlines stole more than million reward miles from AAdvantage members fliers say in new lawsuit
2,An American Airlines flight made a hard landing at Maui s airport sending people to the hospital
3,Ex American Airlines flight attendant arrested for allegedly taking video of minor
4,American Airlines Is Under Investigation After Six People Were Injured In A Hard Landing In Hawaii
5,American Airlines is sued for seizing cardholders frequent flier miles
6,Taylor Swift Travis Kelce Referenced by American Airlines with Super Bowl Flights
7,American Airlines awards sale from just miles one way
8,American Airlines announces flights from JFK to Tokyo s Haneda citing DOT approval
9,How American Airlines sucked me back into AAdvantage with Loyalty Points
10,Flight American Airlines leans on Taylor Swift and Travis Kelce for flight numbers ahead of Super Bowl
11,American Airlines Announces AAdvantage Program Updates For
12,American Airlines Joins Super Bowl LVIII By Adding Flight Number
13,American Airlines Flight Attendant Filmed Minors Using Lavatory U S Says
14,Dateline NBC Where Is Ex American Airlines Pilot Christian Martin Now
15,American Airlines to Fly Special Taylor Swift Flight AA
16,American Airlines Is Trailing Delta and United Here s Why
17,American Airlines Launches Its Longest Nonstop Flight Hours in Economy Anyone
18,American Airlines Flight Attendant Filmed Kids Using Plane Restrooms Feds
19,Six Hospitalized After American Airlines Flight s Hard Landing on Maui
20,American Airlines Is Rolling Out New First Class Meals
21,What s Wrong With American Airlines Lifetime Elite Status
22,Aer Lingus Gets Closer To American Airlines With New Lounge Access Agreement
23,American Airlines Only Made Money Selling Miles Last Quarter Needs A Better Premium Strategy
24,New American Airlines Business Class Amenity Kits Are Actually Just Cardboard Boxes
25,American Airlines Flight Attendants Will Ask To Be Released To Strike This Week
26,American Airlines To Squeeze Even More Seats Into Its Smallest Mainline Jets
27,Exclusive Insight American Airlines Strategy To Add More First Class Seats On Airbus A s
28,American Airlines Is Serving Shelf Stable Pasta In First Class Is Premium Travel Dead
29,American Airlines Says Don t Blame Them If Flight Attendants Take Video Of Children Using The Lavatory
30,Luxury in Decline American Airlines Cuts Corners on First Class Champagne Roundup
31,American Airlines Rebooking Agent Insists Passenger Date Him After Flight Diverts To Miami
32,American Airlines Expects To Win Race Against United For New Tokyo Flight Prepares To Move Crew
33,Big Changes Ahead American Airlines Vows To Shake Up Partner Rewards
34,Olympic Dreams on the Line How American Airlines Risked a Marathon Runner s Journey
35,American Airlines Triumphs Over United For Prime Tokyo Haneda Airport Slot Adds New York Service
36,Things I Learned From The American Airlines Fourth Quarter Earnings Call
37,A New Way to Upgrade American Airlines Rolls Out oneworld Upgrades in
38,American Airlines Will Change How Miles Are Awarded Based On Where You Buy Your Ticket
39,American Airlines Withdraws Support for Flight Attendants In Need Amid Contract Standoff
40,No Service In First Class American Airlines Flight Attendants Glued to Phones Amidst Service Slump
41,Southwest Airlines is reporting a loss and American expects to start the new year with a loss
42,American Airlines Partner Gol Airlines May File Bankruptcy Within A Month
43,Wild Mid Air Brawl Captured on American Airlines Flight Roundup
44,American Airlines To Announce Dallas Brisbane Service On Thursday
45,Dramatic Showdown American Airlines CEO Grilled by Flight Attendants After Earnings Call
46,American Airlines Restructuring Hundreds Of Layoffs In Customer Service To Serve You Better
47,American Airlines Launching New Australia Service With Brand New Business Class
48,American Airlines Tells Flight Attendants It Will Fly Chicago To Honolulu
49,He Who Denied It Supplied It American Airlines Returns To Gate To Remove Gassy Passenger
50,American Airlines Begins Removing First Class TVs and Legroom From Fleet Of Cross Country Planes
51,From Delhi to Disgust Hour American Airlines Flight Fills With Sewage
52,American Airlines Flight Attendant Apathy Poised To Strike No Show Leadership Vote Roundup
53,Scoop American AAdvantage Expands Access To Alaska Airlines Award Space But At What Cost
54,American Airlines Passenger Threatened With Arrest No Room For Mom s Ashes In The Overhead Bin
55,American Airlines CEO Puts Boeing On Blast Hasn t Delivered For A Number Of Years
56,American Airlines Flight Attendants Voted On New Union Officers And Nobody Won
57,AAdvantage Or Else American Airlines New Policy Affects Your Next Flight Delay
58,Millions of Miles Lost The Full Story Behind American Airlines Massive AAdvantage Account Shutdowns
59,He Needs A Raise The American Airlines Employee Who Stood Up For Your Checked Bags
60,Pilots Now Have Upgrade Priority Over Passengers But American Airlines Doesn t Know What A Pilot Is Roundup
61,American Airlines flight numbers for Super Bowl a nod to Taylor Swift Travis Kelce
62,Oven fire causes American Airlines flight to divert to Houston
63,suffer minor injuries as American Airlines flight makes hard landing in Maui
64,American Airlines flight returned to gate to boot excessively farting passenger causing a stink
65,American Airlines flight attendant arrested for secretly filming minor girls as young as in airplane bathrooms
66,injured after American Airlines flight makes hard landing in Hawaii
67,Removed
68,Removed
69,Removed
70,Removed
71,Removed
72,American Airlines plane slides off runway at Rochester Airport
73,American Airlines plane slides off runway at Rochester Airport
74,American Airlines Group Inc NASDAQ AAL Q Earnings Call Transcript
75,AMD downgraded American Airlines upgraded Wall Street s top analyst calls
76,Gol Bankruptcy Shows Pandemic s Lingering Impact on Latin American Airlines
77,American Airlines jet skids off icy NY runway
78,American Airlines to offer its longest non stop flight
79,American Airlines laying off more than workers to elevate customer service
80,Budzinski Durbin and Duckworth call on improved American Airlines services in Springfield
81,American Airlines Group Inc Reports Record Revenue and Significant Debt Reduction in
82,American Airlines customer support team rejig to impact about jobs
83,American Airlines is cutting jobs in Phoenix Here s what we know
84,Southwest Airlines is reporting a loss and American expects to start the new year with a loss
85,American Airlines stole more than million reward miles from AAdvantage members fliers say in new lawsuit
86,Investigators detail how an American Airlines jet crossed a runway in front of a Delta plane at JFK
87,Positive earnings growth hasn t been enough to get American Airlines Group NASDAQ AAL shareholders a favorable return over the last five years
88,Excessively Farting Passenger Reportedly Causes American Airlines Flight to Turn Around
89,Investigators detail how an American Airlines jet crossed a runway in front of a Delta plane at JFK
90,What s your Instagram American Airlines passenger has to frantically rebook flight Then the gate guy starts flirting
91,An American Airlines flight attendant was charged over claims he photographed minors in airplane bathrooms
92,VIDEO American Airlines Flight Attendant Allegedly Used iPhone to Film Minors in Plane Restrooms
93,American and United Airlines Amp Up Super Bowl Fever with Clever Taylor Swift and Travis Kelce Inspired Flight Numbers
94,American Airlines United Shopping Portals Each Offering Bonus Miles
95,Police Arrest American Airlines Flight Attendant For Allegedly Trying To Film Minors In Airplane Bathroom DOJ Says
96,Excessively Farting Passenger Reportedly Causes American Airlines Flight to Turn Around Tabs Thurs Jan
97,American Airlines Announces BIG CHANGES to Rewards Program
98,American Airlines Passenger Forces Place to Turn Around Over Excessive Farting
99,NEWS TONS of American Airlines Membership CHANGES Revealed for
100,Southwest Airlines reveals new seats cabin designs
101,Southwest Airlines Rapid Rewards Members
102,Southwest Airlines can soon cram more customers onboard with thinner seats
103,Southwest Airlines Spring Break Sale Plus Companion Pass Bonus
104,First Look The New Seats Coming Soon to Southwest Airlines
105,Southwest Airlines Bold Move New Cabins And Device Holders But Is There A Catch
106,Southwest Airlines is reporting a loss and American expects to start the new year with a loss
107,Lifesaving Intervention By NFL Star Mark Andrews Saves Woman On Southwest Airlines Flight
108,Wedged between a drunk farting guy who hasn t showered in a week and someone holding a screaming baby that just puked Southwest Airlines hopes you ll pause for a second and think to yourself Hey nice new seats I m suddenly enjoying air travel Unlikely
109,Removed
110,Baltimore Ravens tight end Mark Andrews helped save a woman s life on a Southwest Airlines flight
111,Southwest Airlines pilots approve new contract
112,Southwest Airlines Co NYSE LUV Q Earnings Call Transcript
113,Southwest Airlines flight attendants vote to approve strike authorization
114,Southwest Airlines NYSE LUV Will Pay A Dividend Of
115,Southwest Airlines Co LUV Posts Mixed Results Amidst Record Revenues and Net Losses
116,Southwest Airlines not looking to shift to Airbus aircraft still want Boeing MAX s
117,Southwest Airlines removes MAX from plans cuts delivery forecast from Boeing
118,Southwest Airlines is reporting a loss and American expects to start the new year with a loss
119,Southwest Airlines removes MAX from plans cuts delivery forecast from Boeing
120,The seats are already rock hard Southwest Airlines announces new seats and updated interiors it backfires
121,I did this last year Southwest Airlines is effectively giving away its infamous Companion Pass But should you get one
122,Southwest Airlines deletes X post celebrating all female flight crew
123,back at Southwest Airlines w new targeted Chase Offers
124,HURRY You Can Fly to Disney World for Under With NEW Southwest Airlines Sale
125,ALERT Southwest Airlines Just Announced a NEW DEAL With FREE Tickets
126,You ll Want To Read THIS Before You Book Your Next Southwest Airlines Flight
127,Get Flights for Just with This Southwest Airlines SALE
128,Southwest Airlines strike Flight attendants vote to authorize strike
129,Earn x Rapid Rewards points on all Southwest Airlines flights
130,Southwest Airlines Flight Attendant Vote Overwhelmingly in Favor of Strike Action in Stalled Contract Talks
131,Southwest Airlines Pilot Vote to Approve New Contract With Pay Rise
132,Southwest Airlines to partner with Recaro Aircraft Seating for their new seats
133,NFL Star Lauded For Saving Life Of Seatmate On Southwest Airlines
134,This Airport Has A Lounge For Frontier Southwest Airlines Elites
135,Southwest Airlines Unveils New Cabin Interiors But Ends Up Getting Ridiculed Over Back Ache Inducing Seats
136,Who Owns Southwest Airlines Southwest Airlines Company History
137,Southwest Airlines k Contribution Limits and Investing History
138,Southwest Airlines Debuted New Cabin Seats And Travelers Already Hate Them
139,Southwest Airlines Buy Gift Rapid Rewards Points Up To Off Through February
140,Southwest Airlines Double Rapid Rewards January May Book By January
141,Southwest Airlines Week of Wow Sale off base fares nationwide
142,Southwest Airlines making a major onboard change
143,Southwest Airlines NYSE LUV Announces Quarterly Earnings Results
144,SOUTHWEST AIRLINES PILOTS APPROVE NEW CONTRACT
145,Southwest Airlines pilots approve new contract
146,SOUTHWEST AIRLINES PILOTS APPROVE NEW CONTRACT
147,SOUTHWEST AIRLINES DECLARES th QUARTERLY DIVIDEND
148,Southwest Airlines flight attendants union OKs strike
149,Southwest Airlines Flight Attendants Authorize Strike
150,Southwest Airlines pilots approve new five year contract
151,Southwest Airlines NYSE LUV Shares Gap Up Following Earnings Beat
152,Southwest Airlines Deletes X Post Celebrating All Female Flight Crew
153,Raymond James Boosts Southwest Airlines NYSE LUV Price Target to
154,Earnings call Southwest Airlines reports robust Q revenue plans growth
155,Southwest Airlines huge onboard changes get mixed review
156,Southwest Airlines has pricing change passengers will like
157,SOUTHWEST AIRLINES REPORTS FOURTH QUARTER AND FULL YEAR RESULTS
158,Southwest Airlines Sees Unusually High Options Volume NYSE LUV
159,Southwest Airlines NYSE LUV Downgraded to Sell at StockNews com
160,Southwest Airlines NYSE LUV Downgraded by StockNews com to Sell
161,Southwest Airlines NYSE LUV Upgraded by StockNews com to Hold
162,Southwest Airlines flight attendants vote to approve strike authorization
163,Southwest Airlines Co NYSE LUV Shares Sold by Lmcg Investments LLC
164,SOUTHWEST AIRLINES EXTENDS FLIGHT SCHEDULE THROUGH EARLY NOVEMBER
165,Southwest Airlines pilots approve new five year contract
166,Southwest Airlines LUV Scheduled to Post Quarterly Earnings on Thursday
167,Southwest Airlines makes a huge onboard safety change
168,Barclays Boosts Southwest Airlines NYSE LUV Price Target to
169,TD Cowen Boosts Southwest Airlines NYSE LUV Price Target to
170,Southwest Airlines Co NYSE LUV Shares Sold by Financial Counselors Inc
171,Delta Southwest and United Airlines make unpopular seating decision
172,Southwest Airlines Debuts New Thin Seats No Video Screens
173,Southwest Airlines Co NYSE LUV Shares Purchased by Amalgamated Bank
174,SOUTHWEST AIRLINES INVESTIGATION INITIATED BY FORMER LOUISIANA ATTORNEY GENERAL Kahn Swick Foti LLC Investigates the Officers and Directors of Southwest Airlines Co LUV
175,Southwest Airlines Co NYSE LUV Shares Sold by Lee Danner Bass Inc
176,Abundance Wealth Counselors Makes New Investment in Southwest Airlines Co NYSE LUV
177,Southwest Airlines Co NYSE LUV Receives Average Rating of Reduce from Brokerages
178,CIBC Asset Management Inc Sells Shares of Southwest Airlines Co NYSE LUV
179,Tokio Marine Asset Management Co Ltd Purchases Shares of Southwest Airlines Co NYSE LUV
180,SOUTHWEST AIRLINES ADDS MORE FLIGHTS FOR THE BIG GAME IN LAS VEGAS
181,FY EPS Estimates for Southwest Airlines Co Raised by Seaport Res Ptn NYSE LUV
182,M T Bank Corp Sells Shares of Southwest Airlines Co NYSE LUV
183,Southwest Airlines Co NYSE LUV Shares Purchased by Los Angeles Capital Management LLC
184,Southwest Airlines not looking to shift to Airbus aircraft still want Boeing MAX s
185,Southwest Airlines not looking to shift to Airbus aircraft still want Boeing MAX s
186,Southwest Airlines Co NYSE LUV Shares Sold by Securian Asset Management Inc
187,Southwest Airlines Co LUV Unveils Strategic Initiatives and Risk Factors in Latest Annual Report
188,Portside Wealth Group LLC Has Position in Southwest Airlines Co NYSE LUV
189,Abundance Wealth Counselors Acquires New Holdings in Southwest Airlines Co NYSE LUV
190,Panagora Asset Management Inc Sells Shares of Southwest Airlines Co NYSE LUV
191,SOUTHWEST AIRLINES CEO BOB JORDAN SAYS IT IS TAKING THE MAX AN
192,Southwest Airlines to Discuss Fourth Quarter Financial Results on January
193,Sumitomo Mitsui Trust Holdings Inc Has Million Stock Holdings in Southwest Airlines Co NYSE LUV
194,Cullen Frost Bankers Inc Has Stock Holdings in Southwest Airlines Co NYSE LUV
195,SOUTHWEST AIRLINES ADDS MORE FLIGHTS FOR THE BIG GAME IN LAS VEGAS
196,Southwest Airlines NYSE LUV Price Target Increased to by Analysts at JPMorgan Chase Co
197,Southwest Airlines takes Boeing Max out of fleet plan for
198,Southwest Airlines Co LUV To Go Ex Dividend on March th
199,Jump Financial LLC Makes New Investment in Southwest Airlines Co NYSE LUV
200,In another blow to Boeing a Delta Airlines jet lost a wheel under its nose just before takeoff from Atlanta
201,Nose Wheel Fell Off Delta Airlines Boeing Before Takeoff FAA Report Says
202,American Airlines Is Trailing Delta and United Here s Why
203,Removed
204,Investigators detail how an American Airlines jet crossed a runway in front of a Delta plane at JFK
205,In another blow to Boeing a Delta Airlines jet lost a wheel under its nose just before takeoff from Atlanta
206,Investigators detail how an American Airlines jet crossed a runway in front of a Delta plane at JFK
207,This is the worst flight experience I ve ever had Viewers divided after Gen Z traveler shares Delta Airlines horrible experience
208,THE RACISM IS STRONG IN THIS ONE Why would Delta Airlines send this to all employees Also ap
209,Who Owns Delta Airlines Delta Airlines Company History
210,AmEx Offers Delta Airlines Spend Get Statement Credit
211,Racist Delta Airlines Sends Memo to Employees Asking Them to Capitalize Black Brown but Write White in Lowercase Format Follows Far Left Associated Press Guidelines
212,Investigators detail how American Airlines jet crossed runway in front of Delta plane in near miss at JFK
213,Airlines Hit Turbulence After Delta Trims Earnings Forecast
214,Delta Airlines annual EPS at top of target range
215,Delta Airlines NYSE DAL Drops After Trimming FY Forecast TipRanks com
216,American Airlines fixes a Delta and United passenger pain point
217,Delta United and American Airlines have pricing tricks few know
218,Delta Southwest and United Airlines make unpopular seating decision
219,Investigators detail how an American Airlines jet crossed a runway in front of a Delta plane at JFK
220,Investigators detail how an American Airlines jet crossed a runway in front of a Delta plane at JFK
221,Investigators detail how American Airlines jet crossed runway in front of Delta plane in near miss at JFK
222,Investigators detail how an American Airlines jet crossed a runway in front of a Delta plane at JFK
223,United Airlines Q Unit Revenue Outlook Better Than Delta Air Analyst s Eyes On Building Blocks For EPS
224,In another blow to Boeing a Delta Airlines jet lost a wheel under its nose just before takeoff from Atlanta
225,Removed
226,Delta Airlines Sends Memo to Employees Asking Them to Capitalize Black Brown but Write White in Lowercase Format
227,Delta Airlines loses its NOSE TIRES on the runway in Atlanta and is forced to abort flight while taxiing in latest terrifying incident involving a Boeing jet
228,Kiwi traveller allegedly removed from Delta Airlines flight for not wearing bra
229,Investigators detail how an American Airlines jet crossed a runway in front of a Delta plane at JFK
230,Investigators detail how an American Airlines jet crossed a runway in front of a Delta plane at JFK The Associated Press
0,American Airlines A flight to San Antonio
1,American Airlines Launches Flights to Governor s Harbour Eleuthera
2,Farting Passenger Removed From American Airlines Flight To Austin
3,American Airlines Adds Dallas to Brisbane Flights in October
4,Passenger Booted Off American Airlines Flight For Farting
5,How Can You Access an American Airlines Admirals Club or Flagship Lounge in
6,American Airlines will offer a new service to Brisbane later this year Updated for schedule update
7,Throwback to August when American Airlines operated to three London airports
8,SNAPSHOT American Airlines New York JFK to London Heathrow Airport Business Class
9,American Airlines Says It Should Not Be Held Responsible For Actions Of Pervert Flight Attendant
10,American Airlines Says It Should Not be Held Liable for Crimes Committed by Its Employees
11,Man Claims American Airlines Bumped Him From First Class Seat To Accommodate Service Dog
12,Firefighters Escort Passengers Off American Airlines Flight After Aircraft Slid Off Runway
13,American Airlines Celebrates Years at Dallas Fort Worth International Airport
14,American Airlines Flight Attendant Will Once Again Request To Be Released to Strike Later This Second Time Lucky
15,American Airlines Confirms it is Launching Flights to Brisbane From Dallas Fort Worth With New Flagship Suites
16,American Airlines is Trying to Dismiss Lawsuit Brought By Family Of Girl Who Was Secretly Filmed by Flight Attendant in Airplane Lavatory
17,United and American Airlines Add Flights to Las Vegas for the Super Bowl in Honor of Taylor Swift s Relationship With Travis Kelce
18,American Airlines Flight Attendants Up in Arms Over Profit Share After The Carrier Reported a Record Full Year Revenue of Billion in
19,Analyst Report American Airlines Group Inc
20,American Airlines is sued for seizing cardholders frequent flier miles
21,Irreconcilable Differences Divide American Airlines Flight Attendants And Management
22,Do Boarding Groups Even Matter on American Airlines Anymore
23,American Airlines Agent We Don t Do Standby At This Airport
24,Sorry United American Airlines Wins Coveted Tokyo Haneda Airport Slot
25,Aer Lingus has moved in with American Airlines in Chicago
26,American Airlines CEO Is Getting SKEWERED on Wikipedia
27,Man Pleads Guilty to Threatening American Airlines Flight Attendant With Shank in Terrifying Mid Flight Incident
28,New York gets a new route to the heart of Tokyo with American Airlines
29,SNAPSHOT American Airlines Philadelphia to San Francisco International Domestic Business Class
30,AMERICAN AIRLINES Daily seasonal flights between Brisbane and Dallas Fort Worth October to March
31,New American Airlines Business Class Amenity Kits Are Actually Just Cardboard Boxes
32,Another Family Sues American Airlines After Flight Attendant Videotapes Young Girl Using Lavatory
33,American Airlines Plans To Outsource Customer Service Jobs Promising It Will Improve Service
34,American Airlines Should Stop Flying and Just Sell Miles to Banks
35,Do I give American Airlines long haul Business Class another try opinions please
36,American Airlines Slashes Call Center Jobs But Claims the Cuts Will Actually Improve Customer Service
37,ER Lavatories Overflow With Sewage On American Airlines Flight From New Delhi
38,Freeze Dried Pasta is a New First Class Meal Choice at American Airlines
39,American Airlines Boeing Diverts to Charlotte After Oven Fire
40,American Airlines Flight Attendant Arrested On Suspicion For Filming Teenage Girl in Airplane Lavatory
41,American Airlines Flight Attendant Arrested After Surreptitiously Filming Multiple Teenage Passengers In Lavatory
42,Airplane Art American Airlines Boeing Dreamliner at Philadelphia Airport
43,SNAPSHOT American Airlines Dublin to Philadelipa International International Business Class
44,Royal Rumble American Airlines Karen Starts In Air Brawl With Wife of WWE Star
45,American Airlines will offer a new service to Brisbane later this year
46,Flight Attendants On American Airlines Flight Use Blankets to Mop Up Sewage Leaking From Lavatory Down the Aisle
47,American Airlines Terminated HIV Positive Flight Attendant Because He Had to Take Time Off Work to See His Doctor Lawsuit Claims
48,American Airlines flight attendant arrested suspected of trying to record teen in plane bathroom
49,American Airlines Flight Attendant Arrested for Filming Minors in Aircraft Lavatory US Department of Justice
50,What is Business Class on American Airlines
51,American Airlines Earnings History When Does AAL Report
52,American Airlines Earnings History When Does AAL Report
53,Look what the Chiefs made American Airlines do New flight numbers offered for Super Bowl
54,American Airlines flight attendant on plane to Boston allegedly filmed year old girl in bathroom
55,American Airlines flight attendant arrest The alleged victim s father confronted the attendant and saw the color drain out of his face
56,American Airlines hard landing on Maui sends to hospital
57,American Airlines CEO calls out Boeing saying the company needs to get their act together and that quality issues are unacceptable
58,American Airlines is trying to cash in on the Taylor Swift Travis Kelce mania by adding two Super Bowl flights dedicated to the couple
59,How American Airlines Fare Classes Work
60,The Guide to American Airlines Infant Policy
61,American Airlines AAdvantage US Canada Award Sale For Travel Through March Book By January
62,American Airlines to lay off employees to provide elevated customer service
63,American Airlines stock jumps after big profit beat upbeat outlook
64,Gassy Passenger Reportedly Forces American Airlines Plane to Make U Turn
65,American Airlines flight attendant meets rare baby flamingos who hatched from eggs she helped save midflight
66,American Airlines plane carrying people slips off New York runway during snowy conditions
67,Investigators detail how American Airlines jet crossed runway in front of Delta plane in near miss at JFK
68,Family of girl second to sue American Airlines flight attendant accused of secret filming in bathroom
69,Best American Airlines Credit Cards for January CNET
70,American Airlines plane slipped off snowy Rochester runway shortly after landing
71,American Airlines hard landing on Maui sends to hospital
72,American Airlines boosts frequent flyer perks
73,American Airlines passengers face potential schedule disruption
74,American Airlines upgraded to Buy at Citi
75,American Airlines earnings forecast beats estimates
76,AAL American Airlines Q Earnings
77,I m an American Airlines AAdvantage Executive Platinum
78,American Airlines makes major customer service changes
79,American Airlines Partner Gol Airlines May File Bankruptcy Within A Month
80,American Airlines upgraded as Wolfe Research gets a bit more positive on airlines
81,Financial Contrast Exchange Income OTCMKTS EIFZF and American Airlines Group NASDAQ AAL
82,Ground stop lifted for all American Airlines departures to BNA
83,American Airlines plane slides off runway at Rochester Airport
84,American Airlines makes major change affecting all its passengers
85,American Airlines forecasts profit largely above estimates
86,American Airlines operates nearly M flights in
87,American Airlines forecasts profit largely above estimates
88,American Airlines Group NASDAQ AAL Shares Gap Up Following Strong Earnings
89,American Airlines Group NASDAQ AAL Issues FY Earnings Guidance
90,Hah American Airlines Taylor Swift Super Bowl Flight
91,Barclays Boosts American Airlines Group NASDAQ AAL Price Target to
92,American Airlines Group AAL to Release Quarterly Earnings on Thursday
93,American Airlines is sued for seizing cardholders frequent flier miles
94,American Airlines Group NASDAQ AAL Upgraded by Citigroup to Buy
95,American Airlines flight s hard landing leaves injured
96,American Airlines is sued for seizing cardholders frequent flier miles
97,American Airlines eliminates DFW positions in customer support reorg
98,American Airlines Group NASDAQ AAL Stock Rating Reaffirmed by Evercore ISI
99,American Airlines Group NASDAQ AAL versus Virgin Australia OTCMKTS VBHLF Financial Contrast
100,New York Life Investment Management LLC Raises Holdings in Southwest Airlines Co NYSE LUV
101,Southwest Airlines Co NYSE LUV Shares Sold by Kestra Private Wealth Services LLC
102,Patten Patten Inc TN Has Stake in Southwest Airlines Co NYSE LUV
103,California Public Employees Retirement System Purchases Shares of Southwest Airlines Co NYSE LUV
104,ING Groep NV Makes New Investment in Southwest Airlines Co NYSE LUV
105,State of Michigan Retirement System Trims Holdings in Southwest Airlines Co NYSE LUV
106,Los Angeles Capital Management LLC Buys Shares of Southwest Airlines Co NYSE LUV
107,Venturi Wealth Management LLC Purchases New Shares in Southwest Airlines Co NYSE LUV
108,Southwest Airlines removes MAX from plans cuts delivery forecast from Boeing
109,Southwest Airlines removes MAX from plans cuts delivery forecast from Boeing
110,Southwest Airlines takes Boeing Max out of plans because of certification delays
111,Allspring Global Investments Holdings LLC Sells Shares of Southwest Airlines Co NYSE LUV
112,Larson Financial Group LLC Lowers Stake in Southwest Airlines Co NYSE LUV
113,Daiwa Securities Group Inc Has Stock Position in Southwest Airlines Co NYSE LUV
114,Quantbot Technologies LP Acquires New Stake in Southwest Airlines Co NYSE LUV
115,Metis Global Partners LLC Purchases Shares of Southwest Airlines Co NYSE LUV
116,Southwest Airlines Is Making It Easier To Fly For Free With a Friend
117,Southwest Airlines is reporting a loss and American expects to start the new year with a loss
118,Southwest Airlines is reporting a loss and American expects to start the new year with a loss
119,Southwest Airlines is reporting a loss and American expects to start the new year with a loss
120,SOUTHWEST AIRLINES PLANS CUSTOMER EXPERIENCE ENHANCEMENTS AND MODERNIZATION OF BRAND ELEMENTS WITH A REDESIGNED CABIN NEW SEATS AND A UNIFORM REFRESH
121,Southwest Airlines is reporting a loss and American expects to start the new year with a loss
122,Southwest Airlines pilots avert strike with new five year B deal
123,Southwest Airlines Reveals Thinner Seats To Cram More People Onboard
124,Southwest Airlines From One Way Wanna Getaway Airfares Book by January replies
125,RT Dallas to Tulsa OK or Vice Versa Nonstop Airfares on Southwest Airlines Travel February May replies
126,Southwest Airlines Double Points Rapid Rewards Register First Then Travel by May Register by January replies
127,Southwest Airlines takes Boeing Max out of plans because of certification delays
128,No Thanks I ll Walk The Internet HATES Southwest Airlines New Seating
129,Southwest Airlines pilots approve new five year contract Yahoo Finance
130,Southwest Airlines pilots approve new five year contract CNBC
131,Southwest Airlines is reporting a loss and American expects to start the new year with a loss Yahoo Finance
132,Baltimore Ravens tight end Mark Andrews helped save a woman s life on a Southwest Airlines flight CBS News
133,Southwest Airlines pilots approve new five year contract
